{
    "ignorePatterns": [
        {
            "pattern": "http(s)?://\\d+\\.\\d+\\.\\d+\\.\\d+"
        },
        {
            "pattern": "http(s)?://localhost"
        },
        {
            "pattern": "http(s)?://example.com"
        },
        {
            "pattern": "#warnings"
        }
    ],
    "aliveStatusCodes": [429, 200],
    "httpHeaders": [
        {
            "urls": ["https://docs.github.com/"],
            "headers": {
                "Accept-Encoding": "zstd, br, gzip, deflate"
            }
        }
    ]
}
